Workbook

Sheet Reliance
A1: Date | B1: Price | C1: Monthly Return
A2: 46024 | B2: 1393.9 | C2: =(B3-B2)/B2 -> 0.0010761174 | E2: =_xlfn.COVARIANCE.S(C2:C12, NIFTY!C2:C12) / _xlfn.VAR.S(NIFTY!C2:C12) -> 2.4616448 | F2: beta
A3: 46023 | B3: 1395.4 | C3: =(B3-B4)/B4 -> -0.11143658 | E3: =0.06 + (E2*(NIFTY!E3-0.06)) -> 0.15831395 | F3: expected return
A4: 45669 | B4: 1570.4 | C4: =(B4-B5)/B5 -> 0.0018500797 | E4: =AVERAGE(C2:C12)*12 -> 0.12302345 | F4: actual annual return
A5: 45668 | B5: 1567.5 | C5: =(B5-B6)/B6 -> 0.054561356
A6: 45667 | B6: 1486.4 | C6: =(B6-B7)/B7 -> 0.08973607
A7: 45666 | B7: 1364 | C7: =(B7-B8)/B8 -> 0.0050103154
A8: 45665 | B8: 1357.2 | C8: =(B8-B9)/B9 -> -0.023737592
A9: 45664 | B9: 1390.2 | C9: =(B9-B10)/B10 -> -0.073570572
A10: 45663 | B10: 1500.6 | C10: =(B10-B11)/B11 -> 0.05609121
A11: 45662 | B11: 1420.9 | C11: =(B11-B12)/B12 -> 0.011316726
A12: 45661 | B12: 1405 | C12: =(B12-B13)/B13 -> 0.10187436
A13: 45660 | B13: 1275.1 | C13: =(B13-B14)/B14 -> #DIV/0!

Sheet TCS
A1: Date | B1: Price | C1: Monthly Return
A2: 46024 | B2: 2637.4 | C2: =(B3-B2)/B2 -> 0.18446197 | E2: =_xlfn.COVARIANCE.S(C2:C12, NIFTY!C2:C12) / _xlfn.VAR.S(NIFTY!C2:C12) -> 0.72845768 | F2: beta
A3: 46023 | B3: 3123.9 | C3: =(B3-B4)/B4 -> -0.011424051 | E3: =0.06 + (E2*(NIFTY!E3-0.06)) -> 0.089093375 | F3: expected return
A4: 45669 | B4: 3160 | C4: =(B4-B5)/B5 -> 0.021896394 | E4: =AVERAGE(C2:C12)*12 -> 0.058734973 | F4: actual annual return
A5: 45668 | B5: 3092.29 | C5: =(B5-B6)/B6 -> 0.025995873
A6: 45667 | B6: 3013.94 | C6: =(B6-B7)/B7 -> 0.043463509
A7: 45666 | B7: 2888.4 | C7: =(B7-B8)/B8 -> -0.063636658
A8: 45665 | B8: 3084.7 | C8: =(B8-B9)/B9 -> 0.015773182
A9: 45664 | B9: 3036.8 | C9: =(B9-B10)/B10 -> -0.12281918
A10: 45663 | B10: 3462 | C10: =(B10-B11)/B11 -> -0.00040422706
A11: 45662 | B11: 3463.4 | C11: =(B11-B12)/B12 -> 0.0028085821
A12: 45661 | B12: 3453.7 | C12: =(B12-B13)/B13 -> -0.042275002
A13: 45660 | B13: 3606.15 | C13: =(B13-B14)/B14 -> #DIV/0!

Sheet HDFC Bank
A1: Date | B1: Price | C1: Monthly Return
A2: 46024 | B2: 887.75 | C2: =(B3-B2)/B2 -> 0.046747395 | E2: =_xlfn.COVARIANCE.S(C2:C12, NIFTY!C2:C12) / _xlfn.VAR.S(NIFTY!C2:C12) -> 1.1256152 | F2: beta
A3: 46023 | B3: 929.25 | C3: =(B3-B4)/B4 -> -0.0625 | E3: =0.06 + (E2*(NIFTY!E3-0.06)) -> 0.10495518 | F3: expected return
A4: 45669 | B4: 991.2 | C4: =(B4-B5)/B5 -> -0.0162763 | E4: =AVERAGE(C2:C12)*12 -> 0.078907936 | F4: actual annual return
A5: 45668 | B5: 1007.6 | C5: =(B5-B6)/B6 -> 0.020561126
A6: 45667 | B6: 987.3 | C6: =(B6-B7)/B7 -> 0.038170347
A7: 45666 | B7: 951 | C7: =(B7-B8)/B8 -> -0.00063051702
A8: 45665 | B8: 951.6 | C8: =(B8-B9)/B9 -> -0.056981469
A9: 45664 | B9: 1009.1 | C9: =(B9-B10)/B10 -> 0.010848768
A10: 45663 | B10: 998.27 | C10: =(B10-B11)/B11 -> 0.029101893
A11: 45662 | B11: 970.04 | C11: =(B11-B12)/B12 -> 0.010342565
A12: 45661 | B12: 960.11 | C12: =(B12-B13)/B13 -> 0.052948466
A13: 45660 | B13: 911.83 | C13: =(B13-B14)/B14 -> #DIV/0!

Sheet Infosys
A1: Date | B1: Price | C1: Monthly Return
A2: 46024 | B2: 1300.1 | C2: =(B3-B2)/B2 -> 0.2622106 | E2: =_xlfn.COVARIANCE.S(C2:C12, NIFTY!C2:C12) / _xlfn.VAR.S(NIFTY!C2:C12) -> 0.37030279 | F2: beta
A3: 46023 | B3: 1641 | C3: =(B3-B4)/B4 -> 0.015847468 | E3: =0.06 + (E2*(NIFTY!E3-0.06)) -> 0.074789271 | F3: expected return
A4: 45669 | B4: 1615.4 | C4: =(B4-B5)/B5 -> 0.035446446 | E4: =AVERAGE(C2:C12)*12 -> 0.34140273 | F4: actual annual return
A5: 45668 | B5: 1560.1 | C5: =(B5-B6)/B6 -> 0.052486001
A6: 45667 | B6: 1482.3 | C6: =(B6-B7)/B7 -> 0.028089888
A7: 45666 | B7: 1441.8 | C7: =(B7-B8)/B8 -> -0.018916712
A8: 45665 | B8: 1469.6 | C8: =(B8-B9)/B9 -> -0.026110007
A9: 45664 | B9: 1509 | C9: =(B9-B10)/B10 -> -0.057934823
A10: 45663 | B10: 1601.8 | C10: =(B10-B11)/B11 -> 0.025020797
A11: 45662 | B11: 1562.7 | C11: =(B11-B12)/B12 -> 0.041730551
A12: 45661 | B12: 1500.1 | C12: =(B12-B13)/B13 -> -0.044917709
A13: 45660 | B13: 1570.65 | C13: =(B13-B14)/B14 -> #DIV/0!

Sheet ICICI Bank
A1: Date | B1: Price | C1: Monthly Return
A2: 46024 | B2: 1378.9 | C2: =(B3-B2)/B2 -> -0.017332656 | E2: =_xlfn.COVARIANCE.S(C2:C12, NIFTY!C2:C12) / _xlfn.VAR.S(NIFTY!C2:C12) -> 0.36689716 | F2: beta
A3: 46023 | B3: 1355 | C3: =(B3-B4)/B4 -> 0.0090103507 | E3: =0.06 + (E2*(NIFTY!E3-0.06)) -> 0.074653256 | F3: expected return
A4: 45669 | B4: 1342.9 | C4: =(B4-B5)/B5 -> -0.033050115 | E4: =AVERAGE(C2:C12)*12 -> -0.0076069323 | F4: actual annual return
A5: 45668 | B5: 1388.8 | C5: =(B5-B6)/B6 -> 0.032334795
A6: 45667 | B6: 1345.3 | C6: =(B6-B7)/B7 -> -0.0020029674
A7: 45666 | B7: 1348 | C7: =(B7-B8)/B8 -> -0.035627415
A8: 45665 | B8: 1397.8 | C8: =(B8-B9)/B9 -> -0.056433104
A9: 45664 | B9: 1481.4 | C9: =(B9-B10)/B10 -> 0.024623046
A10: 45663 | B10: 1445.8 | C10: =(B10-B11)/B11 -> 0
A11: 45662 | B11: 1445.8 | C11: =(B11-B12)/B12 -> 0.013174492
A12: 45661 | B12: 1427 | C12: =(B12-B13)/B13 -> 0.058330552
A13: 45660 | B13: 1348.35 | C13: =(B13-B14)/B14 -> #DIV/0!

Sheet NIFTY
A1: Date | B1: Price | C1: Monthly Return
A2: 46054 | B2: 176.044 | C2: =(B3-B2)/B2 -> 0.0052884506 | E2: =AVERAGE(C2:C12) -> 0.0083281932
A3: 46023 | B3: 176.975 | C3: =(B3-B4)/B4 -> -0.030544889 | E3: =E2*12 -> 0.099938319
A4: 45992 | B4: 182.551 | C4: =(B4-B5)/B5 -> -0.0029547987
A5: 45962 | B5: 183.092 | C5: =(B5-B6)/B6 -> 0.019176496
A6: 45931 | B6: 179.647 | C6: =(B6-B7)/B7 -> 0.046003983
A7: 45901 | B7: 171.746 | C7: =(B7-B8)/B8 -> 0.007479278
A8: 45870 | B8: 170.471 | C8: =(B8-B9)/B9 -> -0.012226143
A9: 45839 | B9: 172.581 | C9: =(B9-B10)/B10 -> -0.027778404
A10: 45809 | B10: 177.512 | C10: =(B10-B11)/B11 -> 0.033422405
A11: 45778 | B11: 171.771 | C11: =(B11-B12)/B12 -> 0.019067734
A12: 45748 | B12: 168.557 | C12: =(B12-B13)/B13 -> 0.034676013
A13: 45717 | B13: 162.908 | C13: =(B13-B14)/B14 -> #DIV/0!

Sheet Sheet7
A1: Stock | B1: Beta | C1: Expected Return | D1: Actual Return
A2: Reliance | B2: 2.4616448 | C2: 0.15831395 | D2: 0.12302345
A3: TCS | B3: 0.72845768 | C3: 0.089093375 | D3: 0.058734973
A4: HDFC Bank | B4: 1.1256152 | C4: 0.10495518 | D4: 0.078907936
A5: Infosys | B5: 0.37030279 | C5: 0.074789271 | D5: 0.34140273
A6: ICICI Bank | B6: 0.36689716 | C6: 0.074653256 | D6: -0.0076069323
